{"cameraMode":{"drawMode":0,"name":"Shaded","section":"Shading Mode"},"sceneLighting":true,"audioPlay":false,"sceneViewState":{"showFog":true,"showMaterialUpdate":false,"showSkybox":true,"showFlares":true,"showImageEffects":true,"showParticleSystems":true},"in2DMode":false,"pivot":{"x":0.10204651951789856,"y":4.022408962249756,"z":-1.0678552389144898},"rotation":{"x":0.24382777512073518,"y":-0.0014593008672818542,"z":0.00036790670128539205,"w":0.9698229432106018},"size":14.194635391235352,"orthographic":false}